{"cameraMode":{"drawMode":0,"name":"Shaded","section":"Shading Mode"},"sceneLighting":true,"audioPlay":false,"sceneViewState":{"m_AlwaysRefresh":false,"showFog":true,"showSkybox":true,"showFlares":true,"showImageEffects":true,"showParticleSystems":true,"showVisualEffectGraphs":true,"m_FxEnabled":true},"in2DMode":false,"pivot":{"x":8.352865219116211,"y":9.739276885986329,"z":-26.830570220947267},"rotation":{"x":0.11101023852825165,"y":0.03427685797214508,"z":-0.003806300926953554,"w":0.99318528175354},"size":1.3460835218429566,"orthographic":false}